experimento,parametro,valor,variante,seed,usuarios,produtos,compras,reposicoes,consultas_lu,consultas_lp,consultas_lc,consultas_lr,filtros,pct_booleano,pct_faixa_preco_qtd,tempo_total_s,total_estimado_bytes,rss_kb,indices_bytes,comparacoes_conjunto,insercoes_indice
E01_usuarios,usuarios,200,vetor,42,200,1000,200,200,100,100,100,100,2,0,0,0.019135,1057337,4728,424185,34405,12200
E01_usuarios,usuarios,200,hash,42,200,1000,200,200,100,100,100,100,2,0,0,0.016690,1231741,4908,598589,34405,12200
E01_usuarios,usuarios,500,vetor,42,500,1000,200,200,100,100,100,100,2,0,0,0.025534,1187969,4808,475441,38076,14300
E01_usuarios,usuarios,500,hash,42,500,1000,200,200,100,100,100,100,2,0,0,0.019435,1387041,5052,674513,38076,14300
E01_usuarios,usuarios,1000,vetor,42,1000,1000,200,200,100,100,100,100,2,0,0,0.019052,1414501,5020,568229,48132,17800
E01_usuarios,usuarios,1000,hash,42,1000,1000,200,200,100,100,100,100,2,0,0,0.022688,1649501,5236,803229,48132,17800
E01_usuarios,usuarios,2000,vetor,42,2000,1000,200,200,100,100,100,100,2,0,0,0.046818,2006613,5460,756021,75417,24800
E01_usuarios,usuarios,2000,hash,42,2000,1000,200,200,100,100,100,100,2,0,0,0.020969,2318181,5800,1067589,75417,24800
E01_usuarios,usuarios,4000,vetor,42,4000,1000,200,200,100,100,100,100,2,0,0,0.099467,3182009,6288,1122649,122142,38800
E01_usuarios,usuarios,4000,hash,42,4000,1000,200,200,100,100,100,100,2,0,0,0.030906,3647349,6812,1587989,122142,38800
E02_produtos,produtos,200,vetor,42,1000,200,200,200,100,100,100,100,2,0,0,0.014920,881285,4612,359493,25986,12200
E02_produtos,produtos,200,hash,42,1000,200,200,200,100,100,100,100,2,0,0,0.009185,1027405,4772,505613,25986,12200
E02_produtos,produtos,500,vetor,42,1000,500,200,200,100,100,100,100,2,0,0,0.015031,1080297,4752,442009,35900,14300
E02_produtos,produtos,500,hash,42,1000,500,200,200,100,100,100,100,2,0,0,0.016065,1265713,4992,627425,35900,14300
E02_produtos,produtos,1000,vetor,42,1000,1000,200,200,100,100,100,100,2,0,0,0.022950,1414501,5072,568229,48132,17800
E02_produtos,produtos,1000,hash,42,1000,1000,200,200,100,100,100,100,2,0,0,0.018350,1649501,5316,803229,48132,17800
E02_produtos,produtos,2000,vetor,42,1000,2000,200,200,100,100,100,100,2,0,0,0.059924,2109397,5584,847349,75520,24800
E02_produtos,produtos,2000,hash,42,1000,2000,200,200,100,100,100,100,2,0,0,0.024904,2421253,5960,1159205,75520,24800
E02_produtos,produtos,4000,vetor,42,1000,4000,200,200,100,100,100,100,2,0,0,0.104553,3448989,6612,1355261,145341,38800
E02_produtos,produtos,4000,hash,42,1000,4000,200,200,100,100,100,100,2,0,0,0.038308,3916309,7176,1822581,145341,38800
E03_transacoes,compras_reposicoes,50,vetor,42,1000,1000,50,50,100,100,100,100,2,0,0,0.017445,1320065,4924,493345,52135,14950
E03_transacoes,compras_reposicoes,50,hash,42,1000,1000,50,50,100,100,100,100,2,0,0,0.020805,1493309,5056,666589,52135,14950
E03_transacoes,compras_reposicoes,100,vetor,42,1000,1000,100,100,100,100,100,100,2,0,0,0.019452,1359681,4944,526465,54695,15900
E03_transacoes,compras_reposicoes,100,hash,42,1000,1000,100,100,100,100,100,100,2,0,0,0.017768,1553261,5184,720045,54695,15900
E03_transacoes,compras_reposicoes,200,vetor,42,1000,1000,200,200,100,100,100,100,2,0,0,0.021248,1414501,5072,568229,48132,17800
E03_transacoes,compras_reposicoes,200,hash,42,1000,1000,200,200,100,100,100,100,2,0,0,0.018660,1649501,5280,803229,48132,17800
E03_transacoes,compras_reposicoes,400,vetor,42,1000,1000,400,400,100,100,100,100,2,0,0,0.025899,1548505,5248,675353,50451,21600
E03_transacoes,compras_reposicoes,400,hash,42,1000,1000,400,400,100,100,100,100,2,0,0,0.024128,1839901,5576,966749,50451,21600
E03_transacoes,compras_reposicoes,800,vetor,42,1000,1000,800,800,100,100,100,100,2,0,0,0.035388,1766049,5540,839457,51356,29200
E03_transacoes,compras_reposicoes,800,hash,42,1000,1000,800,800,100,100,100,100,2,0,0,0.023718,2146157,5992,1219565,51356,29200
E04_filtros,filtros,1,vetor,42,1000,1000,200,200,100,100,100,100,1,0,0,0.030495,1414501,5060,568229,0,17800
E04_filtros,filtros,1,hash,42,1000,1000,200,200,100,100,100,100,1,0,0,0.026123,1649501,5308,803229,0,17800
E04_filtros,filtros,2,vetor,42,1000,1000,200,200,100,100,100,100,2,0,0,0.029663,1414501,5036,568229,48132,17800
E04_filtros,filtros,2,hash,42,1000,1000,200,200,100,100,100,100,2,0,0,0.015307,1649501,5276,803229,48132,17800
E04_filtros,filtros,3,vetor,42,1000,1000,200,200,100,100,100,100,3,0,0,0.019556,1414501,5032,568229,68958,17800
E04_filtros,filtros,3,hash,42,1000,1000,200,200,100,100,100,100,3,0,0,0.012578,1649501,5256,803229,68958,17800
E04_filtros,filtros,4,vetor,42,1000,1000,200,200,100,100,100,100,4,0,0,0.022308,1414501,5068,568229,71073,17800
E04_filtros,filtros,4,hash,42,1000,1000,200,200,100,100,100,100,4,0,0,0.013377,1649501,5312,803229,71073,17800
E04_filtros,filtros,5,vetor,42,1000,1000,200,200,100,100,100,100,5,0,0,0.022584,1414501,5076,568229,71763,17800
E04_filtros,filtros,5,hash,42,1000,1000,200,200,100,100,100,100,5,0,0,0.012518,1649501,5272,803229,71763,17800
E05_consultas,consultas_por_tipo,50,vetor,42,1000,1000,200,200,50,50,50,50,2,0,0,0.019596,1414501,5028,568229,23228,17800
E05_consultas,consultas_por_tipo,50,hash,42,1000,1000,200,200,50,50,50,50,2,0,0,0.017269,1649501,5276,803229,23228,17800
E05_consultas,consultas_por_tipo,100,vetor,42,1000,1000,200,200,100,100,100,100,2,0,0,0.024740,1414501,5036,568229,48132,17800
E05_consultas,consultas_por_tipo,100,hash,42,1000,1000,200,200,100,100,100,100,2,0,0,0.018371,1649501,5260,803229,48132,17800
E05_consultas,consultas_por_tipo,200,vetor,42,1000,1000,200,200,200,200,200,200,2,0,0,0.024498,1414501,5068,568229,98600,17800
E05_consultas,consultas_por_tipo,200,hash,42,1000,1000,200,200,200,200,200,200,2,0,0,0.019913,1649501,5316,803229,98600,17800
E05_consultas,consultas_por_tipo,300,vetor,42,1000,1000,200,200,300,300,300,300,2,0,0,0.033095,1414501,5036,568229,149713,17800
E05_consultas,consultas_por_tipo,300,hash,42,1000,1000,200,200,300,300,300,300,2,0,0,0.026510,1649501,5272,803229,149713,17800
E05_consultas,consultas_por_tipo,400,vetor,42,1000,1000,200,200,400,400,400,400,2,0,0,0.044537,1414501,5024,568229,198924,17800
E05_consultas,consultas_por_tipo,400,hash,42,1000,1000,200,200,400,400,400,400,2,0,0,0.026880,1649501,5320,803229,198924,17800
E05_consultas,consultas_por_tipo,500,vetor,42,1000,1000,200,200,500,500,500,500,2,0,0,0.040866,1414501,5068,568229,251619,17800
E05_consultas,consultas_por_tipo,500,hash,42,1000,1000,200,200,500,500,500,500,2,0,0,0.038013,1649501,5276,803229,251619,17800
E06_booleanos,pct_booleano,0,vetor,42,1000,1000,200,200,100,100,100,100,2,0,0,0.022264,1414501,5024,568229,48132,17800
E06_booleanos,pct_booleano,0,hash,42,1000,1000,200,200,100,100,100,100,2,0,0,0.018883,1649501,5312,803229,48132,17800
E06_booleanos,pct_booleano,25,vetor,42,1000,1000,200,200,100,100,100,100,2,25,0,0.036813,1414501,5076,568229,68559,17800
E06_booleanos,pct_booleano,25,hash,42,1000,1000,200,200,100,100,100,100,2,25,0,0.031045,1649501,5328,803229,68559,17800
E06_booleanos,pct_booleano,50,vetor,42,1000,1000,200,200,100,100,100,100,2,50,0,0.050753,1414501,5084,568229,83475,17800
E06_booleanos,pct_booleano,50,hash,42,1000,1000,200,200,100,100,100,100,2,50,0,0.048162,1649501,5328,803229,83475,17800
E06_booleanos,pct_booleano,75,vetor,42,1000,1000,200,200,100,100,100,100,2,75,0,0.056957,1414501,5028,568229,85506,17800
E06_booleanos,pct_booleano,75,hash,42,1000,1000,200,200,100,100,100,100,2,75,0,0.054651,1649501,5276,803229,85506,17800
E06_booleanos,pct_booleano,100,vetor,42,1000,1000,200,200,100,100,100,100,2,100,0,0.080341,1414501,5072,568229,106952,17800
E06_booleanos,pct_booleano,100,hash,42,1000,1000,200,200,100,100,100,100,2,100,0,0.073870,1649501,5320,803229,106952,17800
E07_faixas_preco_qtd,pct_faixa_preco_qtd,0,vetor,42,1000,1000,200,200,100,100,100,100,2,0,0,0.023250,1414501,5068,568229,48132,17800
E07_faixas_preco_qtd,pct_faixa_preco_qtd,0,hash,42,1000,1000,200,200,100,100,100,100,2,0,0,0.019115,1649501,5292,803229,48132,17800
E07_faixas_preco_qtd,pct_faixa_preco_qtd,25,vetor,42,1000,1000,200,200,100,100,100,100,2,0,25,0.026194,1414501,5028,568229,49149,17800
E07_faixas_preco_qtd,pct_faixa_preco_qtd,25,hash,42,1000,1000,200,200,100,100,100,100,2,0,25,0.023091,1649501,5316,803229,49149,17800
E07_faixas_preco_qtd,pct_faixa_preco_qtd,50,vetor,42,1000,1000,200,200,100,100,100,100,2,0,50,0.025736,1414501,5080,568229,51360,17800
E07_faixas_preco_qtd,pct_faixa_preco_qtd,50,hash,42,1000,1000,200,200,100,100,100,100,2,0,50,0.020205,1649501,5332,803229,51360,17800
E07_faixas_preco_qtd,pct_faixa_preco_qtd,75,vetor,42,1000,1000,200,200,100,100,100,100,2,0,75,0.034324,1414501,5088,568229,51554,17800
E07_faixas_preco_qtd,pct_faixa_preco_qtd,75,hash,42,1000,1000,200,200,100,100,100,100,2,0,75,0.027364,1649501,5328,803229,51554,17800
E07_faixas_preco_qtd,pct_faixa_preco_qtd,100,vetor,42,1000,1000,200,200,100,100,100,100,2,0,100,0.037448,1414501,5088,568229,54485,17800
E07_faixas_preco_qtd,pct_faixa_preco_qtd,100,hash,42,1000,1000,200,200,100,100,100,100,2,0,100,0.028636,1649501,5340,803229,54485,17800
