experimento,perfil,variante,seed,usuarios,produtos,compras,reposicoes,consultas,itens_transacao,filtros,tipo_consulta,total_linhas,tempo_total_s,tempo_medio_U_ns,tempo_medio_P_ns,tempo_medio_C_ns,tempo_medio_R_ns,tempo_medio_LU_ns,tempo_medio_LP_ns,tempo_medio_LC_ns,tempo_medio_LR_ns,count_U,count_P,count_C,count_R,count_LU,count_LP,count_LC,count_LR,comparacoes_conjunto,insercoes_indice,total_estimado_bytes,rss_kb,indices_bytes,historico_bytes
RAPIDO_cadastros,cadastros,avl,42,,,,,,3,2,misto,3000,0.113864,7100,8073,9056,13323,317035,450418,16739,226495,1049,1049,300,300,58,78,93,71,62304,20386,1875827,5248,766587,94208
RAPIDO_cadastros,cadastros,hash,42,,,,,,3,2,misto,3000,0.119981,6697,10687,12151,10593,315393,442862,15705,222731,1049,1049,300,300,58,78,93,71,62304,20386,1971715,5340,862475,94208
RAPIDO_transacoes,transacoes,avl,42,,,,,,5,2,misto,3000,0.557562,7167,9935,27487,19617,126265,115544,54669,1107154,149,150,674,675,354,345,315,336,142900,20304,777222,4748,451178,78656
RAPIDO_transacoes,transacoes,hash,42,,,,,,5,2,misto,3000,0.573171,7204,9836,18759,14768,129469,115801,66657,1181307,149,150,674,675,354,345,315,336,142900,20304,812150,4712,486106,78656
RAPIDO_consultas,consultas,avl,42,,,,,,3,2,misto,3000,0.340476,7592,10148,15147,11967,91829,95338,36046,410915,224,225,382,383,466,440,408,470,157620,10410,578280,4464,337332,33728
RAPIDO_consultas,consultas,hash,42,,,,,,3,2,misto,3000,0.279342,3772,4430,7560,6580,81378,83593,33030,345603,224,225,382,383,466,440,408,470,157620,10410,591256,4512,350308,33728
P01_perfil_cadastros,cadastros,avl,42,,,,,,5,2,misto,15000,3.604038,5136,5589,7869,6769,3311150,3670680,113788,1862457,5249,5249,1500,1500,374,376,342,408,1800227,113986,8918211,10832,3913451,486304
P01_perfil_cadastros,cadastros,hash,42,,,,,,5,2,misto,15000,3.530730,4658,7100,6078,5240,3256579,3599034,108057,1813653,5249,5249,1500,1500,374,376,342,408,1800227,113986,9157731,11060,4152971,486304
P01_perfil_cadastros,cadastros,avl,43,,,,,,5,2,misto,15000,3.530499,4672,5201,7478,6543,3588409,3799007,161558,1575932,5249,5249,1500,1500,348,374,377,401,1765189,113986,8910403,10848,3904523,487424
P01_perfil_cadastros,cadastros,hash,43,,,,,,5,2,misto,15000,3.844984,4974,5617,6148,5334,3782111,4172142,182095,1747354,5249,5249,1500,1500,348,374,377,401,1765189,113986,9149987,11064,4144107,487424
P01_perfil_cadastros,cadastros,avl,44,,,,,,5,2,misto,15000,4.036165,5164,5297,14040,9865,4055768,3922586,121944,1891743,5249,5249,1500,1500,378,399,365,358,1797341,113986,8923891,10836,3916891,488544
P01_perfil_cadastros,cadastros,hash,44,,,,,,5,2,misto,15000,3.960233,5394,4977,6006,5277,4024035,3850512,123521,1882781,5249,5249,1500,1500,378,399,365,358,1797341,113986,9162243,11116,4155243,488544
P02_perfil_transacoes,transacoes,avl,42,,,,,,5,2,misto,12000,10.113883,3555,3082,7874,6545,339954,317616,556243,5945125,599,600,2699,2700,1341,1353,1332,1374,2347173,81279,2976034,7240,1653958,331840
P02_perfil_transacoes,transacoes,hash,42,,,,,,5,2,misto,12000,13.257912,3704,5202,6929,7709,436962,390310,745593,7619721,599,600,2699,2700,1341,1353,1332,1374,2347173,81279,3113586,7328,1791510,331840
P02_perfil_transacoes,transacoes,avl,43,,,,,,5,2,misto,12000,19.456479,10713,13709,22628,15144,721763,598615,1117677,11546810,599,600,2699,2700,1319,1386,1353,1342,2410217,81279,2978658,7284,1659462,328960
P02_perfil_transacoes,transacoes,hash,43,,,,,,5,2,misto,12000,25.081337,10480,14719,27426,21558,891327,755745,1510065,14937129,599,600,2699,2700,1319,1386,1353,1342,2410217,81279,3116178,7420,1796982,328960
P02_perfil_transacoes,transacoes,avl,44,,,,,,5,2,misto,12000,17.814640,7002,6232,12434,12767,632943,526942,784622,10971088,599,600,2699,2700,1311,1435,1322,1332,2274713,81279,2976930,7288,1656006,330688
P02_perfil_transacoes,transacoes,hash,44,,,,,,5,2,misto,12000,9.654237,4455,4962,11466,8967,348564,292427,407917,5919610,599,600,2699,2700,1311,1435,1322,1332,2274713,81279,3114418,7380,1793494,330688
P03_perfil_consultas,consultas,avl,42,,,,,,5,2,misto,15000,9.291058,5093,3583,8353,6902,396263,366204,261686,2921368,1124,1125,1912,1913,2290,2173,2192,2269,3957382,67380,3185776,7036,1625932,279520
P03_perfil_consultas,consultas,hash,42,,,,,,5,2,misto,15000,8.997134,2491,3279,6455,5037,384869,355434,251361,2819440,1124,1125,1912,1913,2290,2173,2192,2269,3957382,67380,3285200,7164,1725356,279520
P03_perfil_consultas,consultas,avl,43,,,,,,5,2,misto,15000,9.804044,3948,4740,10657,8830,437833,378869,257450,3150249,1124,1125,1912,1913,2127,2314,2259,2224,3840890,67380,3181744,7036,1624332,277088
P03_perfil_consultas,consultas,hash,43,,,,,,5,2,misto,15000,8.926713,4761,6039,8874,7423,399386,343677,227357,2859499,1124,1125,1912,1913,2127,2314,2259,2224,3840890,67380,3280944,7156,1723532,277088
P03_perfil_consultas,consultas,avl,44,,,,,,5,2,misto,15000,9.258178,7170,11921,10286,10124,399478,367494,224665,2965081,1124,1125,1912,1913,2179,2252,2264,2229,3806518,67380,3181104,7036,1621900,278880
P03_perfil_consultas,consultas,hash,44,,,,,,5,2,misto,15000,8.795386,2512,3249,6548,5304,383364,350825,215198,2815670,1124,1125,1912,1913,2179,2252,2264,2229,3806518,67380,3280848,7124,1721644,278880
E04_escala_500,,avl,42,500,500,250,125,500,5,2,misto,1877,0.051784,3920,3778,6968,5943,75916,102968,38179,69616,500,500,250,125,129,114,124,133,54980,12125,822461,4644,415365,48448
E04_escala_500,,hash,42,500,500,250,125,500,5,2,misto,1877,0.049477,2220,2897,6479,5763,80014,107660,39542,71723,500,500,250,125,129,114,124,133,54980,12125,828461,4652,421365,48448
E04_escala_500,,avl,43,500,500,250,125,500,5,2,misto,1877,0.060050,4674,6128,11841,9291,97770,122026,38461,57041,500,500,250,125,128,130,128,114,59698,12125,824157,4644,417189,48320
E04_escala_500,,hash,43,500,500,250,125,500,5,2,misto,1877,0.056977,3611,5409,8869,8204,97042,120458,38104,56393,500,500,250,125,128,130,128,114,59698,12125,830029,4588,423061,48320
E04_escala_500,,avl,44,500,500,250,125,500,5,2,misto,1877,0.057441,4679,5447,8782,7903,85038,120000,38621,71209,500,500,250,125,122,127,121,130,55824,12125,823389,4660,416741,48000
E04_escala_500,,hash,44,500,500,250,125,500,5,2,misto,1877,0.060452,3714,5459,11495,8256,90941,128690,40600,72499,500,500,250,125,122,127,121,130,55824,12125,829197,4628,422549,48000
E05_escala_2000,,avl,42,2000,2000,1000,500,2000,5,2,misto,7502,1.157812,3900,4454,9585,7613,791147,769896,216794,378476,2000,2000,1000,500,476,504,515,505,942515,48458,3228629,6816,1601005,193152
E05_escala_2000,,hash,42,2000,2000,1000,500,2000,5,2,misto,7502,1.261016,5887,5230,6840,6200,862633,843469,236762,413969,2000,2000,1000,500,476,504,515,505,942515,48458,3250549,6804,1622925,193152
E05_escala_2000,,avl,43,2000,2000,1000,500,2000,5,2,misto,7502,1.249980,6142,8000,8787,7665,866332,796989,228988,386832,2000,2000,1000,500,476,527,484,513,964352,48500,3225949,6776,1597277,194080
E05_escala_2000,,hash,43,2000,2000,1000,500,2000,5,2,misto,7502,1.314531,4878,5490,6771,5844,930069,847366,239847,408595,2000,2000,1000,500,476,527,484,513,964352,48500,3247885,6800,1619213,194080
E05_escala_2000,,avl,44,2000,2000,1000,500,2000,5,2,misto,7502,1.221502,6499,7374,9695,7558,839443,850733,221105,386249,2000,2000,1000,500,463,477,516,544,911367,48486,3229861,6812,1600813,194496
E05_escala_2000,,hash,44,2000,2000,1000,500,2000,5,2,misto,7502,1.197708,4493,4248,6801,5799,844053,847837,219769,381934,2000,2000,1000,500,463,477,516,544,911367,48486,3251573,6836,1622525,194496
E06_escala_5000,,avl,42,5000,5000,2500,1250,5000,5,2,misto,18752,13.535760,6460,7108,17522,9106,4103577,4035646,904080,1417575,5000,5000,2500,1250,1247,1244,1244,1265,5876089,121250,9050317,11104,3947293,582656
E06_escala_5000,,hash,42,5000,5000,2500,1250,5000,5,2,misto,18752,11.899321,6941,5747,7702,6554,3589717,3555678,817914,1223990,5000,5000,2500,1250,1247,1244,1244,1265,5876089,121250,9399261,11420,4296237,582656
E06_escala_5000,,avl,43,5000,5000,2500,1250,5000,5,2,misto,18752,13.246609,5491,6292,9351,8076,4095359,3798929,858508,1468379,5000,5000,2500,1250,1243,1270,1266,1221,5993775,121236,9038965,11052,3936589,582048
E06_escala_5000,,hash,43,5000,5000,2500,1250,5000,5,2,misto,18752,13.895303,4721,5908,8048,6722,4323723,3977452,897602,1528524,5000,5000,2500,1250,1243,1270,1266,1221,5993775,121236,9388133,11416,4285757,582048
E06_escala_5000,,avl,44,5000,5000,2500,1250,5000,5,2,misto,18752,12.629379,6486,6766,10394,8813,3746580,3703277,853598,1461967,5000,5000,2500,1250,1221,1269,1287,1223,5886004,121250,9040685,11092,3937981,582336
E06_escala_5000,,hash,44,5000,5000,2500,1250,5000,5,2,misto,18752,12.815282,4674,5867,7854,6591,3808789,3764769,868355,1486173,5000,5000,2500,1250,1221,1269,1287,1223,5886004,121250,9389661,11436,4286957,582336
I07_itens_1,transacoes,avl,42,,,,,,1,2,exata,8000,0.089242,4362,6166,4235,4001,14742,30443,2566,2855,399,400,1799,1800,917,923,870,890,183041,25381,1522490,5788,1013542,55520
I07_itens_1,transacoes,hash,42,,,,,,1,2,exata,8000,0.080838,4469,3377,2970,2464,15515,31689,2637,3033,399,400,1799,1800,917,923,870,890,183041,25381,1551770,5756,1042822,55520
I07_itens_1,transacoes,avl,43,,,,,,1,2,exata,8000,0.083549,5213,4380,3593,3079,15992,31114,2506,2824,399,400,1799,1800,923,860,878,939,176421,25387,1520242,5736,1011350,55456
I07_itens_1,transacoes,hash,43,,,,,,1,2,exata,8000,0.077708,2498,3171,3018,2404,15566,31186,2298,2594,399,400,1799,1800,923,860,878,939,176421,25387,1549362,5828,1040470,55456
I07_itens_1,transacoes,avl,44,,,,,,1,2,exata,8000,0.087365,3734,3553,3582,3259,16296,34762,2729,3147,399,400,1799,1800,889,928,885,898,185852,25375,1521538,5788,1012758,55360
I07_itens_1,transacoes,hash,44,,,,,,1,2,exata,8000,0.086268,4145,6260,3096,3578,15930,32063,2411,2593,399,400,1799,1800,889,928,885,898,185852,25375,1550786,5796,1042006,55360
I08_itens_5,transacoes,avl,42,,,,,,5,2,exata,8000,0.195499,3446,3613,10136,7695,49008,92691,3437,3858,399,400,1799,1800,892,882,902,924,177680,54179,1909682,6076,1126678,214400
I08_itens_5,transacoes,hash,42,,,,,,5,2,exata,8000,0.186100,3985,5940,8167,9476,44505,84808,2356,2655,399,400,1799,1800,892,882,902,924,177680,54179,1938818,6072,1155814,214400
I08_itens_5,transacoes,avl,43,,,,,,5,2,exata,8000,0.183684,4805,6667,9584,8835,44029,79294,2680,3127,399,400,1799,1800,885,922,872,921,182848,54179,1902322,6076,1121942,211776
I08_itens_5,transacoes,hash,43,,,,,,5,2,exata,8000,0.172470,2445,3750,7965,6172,43997,81657,2512,2802,399,400,1799,1800,885,922,872,921,182848,54179,1931394,6104,1151014,211776
I08_itens_5,transacoes,avl,44,,,,,,5,2,exata,8000,0.161953,4290,3726,9423,7779,40522,69807,2469,2855,399,400,1799,1800,885,880,910,925,173740,54179,1906818,6036,1124262,213952
I08_itens_5,transacoes,hash,44,,,,,,5,2,exata,8000,0.163492,2590,3328,8002,6425,42692,73563,2847,3152,399,400,1799,1800,885,880,910,925,173740,54179,1935954,6048,1153398,213952
I09_itens_20,transacoes,avl,42,,,,,,20,2,exata,8000,0.519116,4549,6270,35095,28072,139519,241080,2911,3306,399,400,1799,1800,894,890,877,939,178927,162149,3309946,7544,1520726,788736
I09_itens_20,transacoes,hash,42,,,,,,20,2,exata,8000,0.473957,3135,3246,31505,21934,133874,233122,2339,2618,399,400,1799,1800,894,890,877,939,178927,162149,3339018,7504,1549798,788736
I09_itens_20,transacoes,avl,43,,,,,,20,2,exata,8000,0.463331,4466,8353,34164,27141,112821,216130,2546,2839,399,400,1799,1800,878,922,910,890,177711,162149,3312106,7488,1526470,785152
I09_itens_20,transacoes,hash,43,,,,,,20,2,exata,8000,0.429256,3909,5828,29181,21293,108918,208889,2151,2387,399,400,1799,1800,878,922,910,890,177711,162149,3341146,7556,1555510,785152
I09_itens_20,transacoes,avl,44,,,,,,20,2,exata,8000,0.439296,4270,5658,31135,26289,110889,217333,2379,2661,399,400,1799,1800,916,838,948,898,177191,162149,3315258,7548,1526806,787968
I09_itens_20,transacoes,hash,44,,,,,,20,2,exata,8000,0.429038,2270,2906,28397,21005,114179,225083,2204,2505,399,400,1799,1800,916,838,948,898,177191,162149,3344362,7556,1555910,787968
F10_filtros_1,consultas,avl,42,,,,,,3,1,exata,10000,0.597973,4673,7004,5758,5208,124991,211917,1720,2094,749,750,1275,1275,1493,1443,1474,1539,0,34718,1940942,5880,1062474,117664
F10_filtros_1,consultas,hash,42,,,,,,3,1,exata,10000,0.633030,4058,5730,5246,5825,134267,228559,1698,2000,749,750,1275,1275,1493,1443,1474,1539,0,34718,2023902,5944,1145434,117664
F10_filtros_1,consultas,avl,43,,,,,,3,1,exata,10000,0.687367,6033,9240,6159,6200,140532,241388,1846,2288,749,750,1275,1275,1484,1517,1478,1470,0,34718,1941022,5832,1063418,116800
F10_filtros_1,consultas,hash,43,,,,,,3,1,exata,10000,0.692721,4097,4153,4906,3935,143794,248133,1979,2363,749,750,1275,1275,1484,1517,1478,1470,0,34718,2023838,5948,1146234,116800
F10_filtros_1,consultas,avl,44,,,,,,3,1,exata,10000,0.648886,2800,3460,5893,4824,132442,232658,1882,2267,749,750,1275,1275,1530,1505,1467,1447,0,34718,1942254,5864,1063178,118272
F10_filtros_1,consultas,hash,44,,,,,,3,1,exata,10000,0.672259,2414,3253,7591,4315,137810,239220,1829,2058,749,750,1275,1275,1530,1505,1467,1447,0,34718,2025150,5940,1146074,118272
F11_filtros_2,consultas,avl,42,,,,,,3,2,exata,10000,0.171812,2939,3500,6143,5215,28429,50653,2319,2654,749,750,1275,1275,1461,1518,1468,1502,564544,34718,1940942,5876,1062474,117664
F11_filtros_2,consultas,hash,42,,,,,,3,2,exata,10000,0.179782,2670,3384,5554,4283,29920,52873,2247,2492,749,750,1275,1275,1461,1518,1468,1502,564544,34718,2023902,5924,1145434,117664
F11_filtros_2,consultas,avl,43,,,,,,3,2,exata,10000,0.213150,5471,3903,6640,6122,34250,63907,2803,3218,749,750,1275,1275,1470,1517,1426,1536,578848,34718,1941022,5880,1063418,116800
F11_filtros_2,consultas,hash,43,,,,,,3,2,exata,10000,0.203872,2986,3925,5911,4854,33355,61675,2461,2717,749,750,1275,1275,1470,1517,1426,1536,578848,34718,2023838,5964,1146234,116800
F11_filtros_2,consultas,avl,44,,,,,,3,2,exata,10000,0.196458,4697,3931,6630,5562,31761,58054,2756,3209,749,750,1275,1275,1468,1486,1509,1486,552371,34718,1942254,5880,1063178,118272
F11_filtros_2,consultas,hash,44,,,,,,3,2,exata,10000,0.183287,4552,6737,5437,5986,27794,52103,2187,2435,749,750,1275,1275,1468,1486,1509,1486,552371,34718,2025150,5964,1146074,118272
F12_filtros_4,consultas,avl,42,,,,,,3,4,exata,10000,0.103094,5873,6198,6067,5203,12391,16398,3853,4295,749,750,1275,1275,1459,1437,1506,1547,801879,34718,1940942,5836,1062474,117664
F12_filtros_4,consultas,hash,42,,,,,,3,4,exata,10000,0.096812,3726,3338,5077,4849,12796,16916,3807,4185,749,750,1275,1275,1459,1437,1506,1547,801879,34718,2023902,5900,1145434,117664
F12_filtros_4,consultas,avl,43,,,,,,3,4,exata,10000,0.115033,4838,5623,8935,6263,12953,18341,4055,4548,749,750,1275,1275,1438,1497,1477,1537,831047,34718,1941022,5884,1063418,116800
F12_filtros_4,consultas,hash,43,,,,,,3,4,exata,10000,0.115132,4128,6528,7051,5846,13308,19065,3946,4425,749,750,1275,1275,1438,1497,1477,1537,831047,34718,2023838,5960,1146234,116800
F12_filtros_4,consultas,avl,44,,,,,,3,4,exata,10000,0.096776,3190,3611,5949,5011,12376,16888,3860,4292,749,750,1275,1275,1437,1475,1496,1541,822098,34718,1942254,5840,1063178,118272
F12_filtros_4,consultas,hash,44,,,,,,3,4,exata,10000,0.094417,2462,3272,4999,4180,12710,17296,3747,4131,749,750,1275,1275,1437,1475,1496,1541,822098,34718,2025150,5960,1146074,118272
C13_tipo_exata,consultas,avl,42,,,,,,3,2,exata,10000,0.176928,4774,6432,6274,7131,27277,48657,2228,2528,749,750,1275,1275,1461,1518,1468,1502,564544,34718,1940942,5880,1062474,117664
C13_tipo_exata,consultas,hash,42,,,,,,3,2,exata,10000,0.180012,2726,3510,7642,5516,28964,51981,2223,2504,749,750,1275,1275,1461,1518,1468,1502,564544,34718,2023902,5872,1145434,117664
C13_tipo_exata,consultas,avl,43,,,,,,3,2,exata,10000,0.182919,4613,3942,6208,6052,28986,53377,2389,2752,749,750,1275,1275,1470,1517,1426,1536,578848,34718,1941022,5880,1063418,116800
C13_tipo_exata,consultas,hash,43,,,,,,3,2,exata,10000,0.169211,2467,3271,5118,4096,28186,52277,2053,2307,749,750,1275,1275,1470,1517,1426,1536,578848,34718,2023838,5952,1146234,116800
C13_tipo_exata,consultas,avl,44,,,,,,3,2,exata,10000,0.172193,2999,3601,6260,5422,27514,52052,2350,2728,749,750,1275,1275,1468,1486,1509,1486,552371,34718,1942254,5880,1063178,118272
C13_tipo_exata,consultas,hash,44,,,,,,3,2,exata,10000,0.171706,4179,6661,5240,4534,26849,50468,2099,2343,749,750,1275,1275,1468,1486,1509,1486,552371,34718,2025150,5960,1146074,118272
C14_tipo_faixa,consultas,avl,42,,,,,,3,2,faixa,10000,7.079487,4050,3613,6145,5191,293400,178229,3271,3870636,749,750,1275,1275,1473,1426,1483,1567,2781558,34718,1940942,5948,1062474,117664
C14_tipo_faixa,consultas,hash,42,,,,,,3,2,faixa,10000,6.845359,2535,3340,5246,4402,285738,172043,2952,3722218,749,750,1275,1275,1473,1426,1483,1567,2781558,34718,2023902,6028,1145434,117664
C14_tipo_faixa,consultas,avl,43,,,,,,3,2,faixa,10000,6.500300,4645,7230,6367,6207,294757,159456,3169,3632960,749,750,1275,1275,1442,1490,1492,1525,2738805,34718,1941022,5960,1063418,116800
C14_tipo_faixa,consultas,hash,43,,,,,,3,2,faixa,10000,5.807223,3691,5208,4122,3614,266834,142129,2480,3228001,749,750,1275,1275,1442,1490,1492,1525,2738805,34718,2023838,6040,1146234,116800
C14_tipo_faixa,consultas,avl,44,,,,,,3,2,faixa,10000,6.066533,4154,5740,5222,5999,278475,150296,2777,3510473,749,750,1275,1275,1468,1546,1469,1466,2688653,34718,1942254,5924,1063178,118272
C14_tipo_faixa,consultas,hash,44,,,,,,3,2,faixa,10000,5.572481,2206,2849,4491,3659,259616,138848,2409,3210907,749,750,1275,1275,1468,1546,1469,1466,2688653,34718,2025150,6040,1146074,118272
C15_tipo_booleano,consultas,avl,42,,,,,,3,2,booleano,10000,1.989574,2760,3237,5639,4730,244264,337563,342805,358284,749,750,1275,1275,1530,1451,1446,1522,2023902,34718,1940942,5908,1062474,117664
C15_tipo_booleano,consultas,hash,42,,,,,,3,2,booleano,10000,1.826106,2019,2584,4039,3396,223069,308006,318143,328537,749,750,1275,1275,1530,1451,1446,1522,2023902,34718,2023902,5988,1145434,117664
C15_tipo_booleano,consultas,avl,43,,,,,,3,2,booleano,10000,1.746178,4113,4290,4874,3862,223819,297741,307968,287305,749,750,1275,1275,1438,1489,1501,1521,1967864,34718,1941022,5896,1063418,116800
C15_tipo_booleano,consultas,hash,43,,,,,,3,2,booleano,10000,1.797214,2131,2795,3988,3304,230758,308911,316184,299252,749,750,1275,1275,1438,1489,1501,1521,1967864,34718,2023838,5984,1146234,116800
C15_tipo_booleano,consultas,avl,44,,,,,,3,2,booleano,10000,1.856749,4194,5810,5416,6068,234379,319856,321419,313517,749,750,1275,1275,1526,1499,1468,1456,1926323,34718,1942254,5904,1063178,118272
C15_tipo_booleano,consultas,hash,44,,,,,,3,2,booleano,10000,1.761013,3796,5519,4006,4586,221565,303909,306266,297096,749,750,1275,1275,1526,1499,1468,1456,1926323,34718,2025150,5980,1146074,118272
C16_tipo_misto,consultas,avl,42,,,,,,3,2,misto,10000,2.799100,3289,3384,5482,4410,182535,185647,111874,1256795,749,750,1275,1275,1488,1423,1484,1554,1752940,34718,1940942,5932,1062474,117664
C16_tipo_misto,consultas,hash,42,,,,,,3,2,misto,10000,2.754080,2282,2842,4460,3651,179422,181177,106788,1235869,749,750,1275,1275,1488,1423,1484,1554,1752940,34718,2023902,6012,1145434,117664
C16_tipo_misto,consultas,avl,43,,,,,,3,2,misto,10000,2.982236,2638,3166,5543,4343,198499,195586,111733,1389715,749,750,1275,1275,1441,1550,1457,1501,1781303,34718,1941022,5932,1063418,116800
C16_tipo_misto,consultas,hash,43,,,,,,3,2,misto,10000,2.772542,3686,5273,4212,4114,185514,181659,103760,1276497,749,750,1275,1275,1441,1550,1457,1501,1781303,34718,2023838,6032,1146234,116800
C16_tipo_misto,consultas,avl,44,,,,,,3,2,misto,10000,2.466035,4316,6792,7558,6228,170756,167715,106547,1141366,749,750,1275,1275,1471,1540,1490,1448,1698025,34718,1942254,5964,1063178,118272
C16_tipo_misto,consultas,hash,44,,,,,,3,2,misto,10000,2.836373,2040,2690,4170,3402,199906,197808,122556,1312415,749,750,1275,1275,1471,1540,1490,1448,1698025,34718,2025150,6044,1146074,118272
